{
  "agent_type": "Random Agent",
  "n_episodes": 100,
  "seed": 42,
  "timestamp": "2025-12-15T20:30:30.256113",
  "reward": {
    "mean": 139.7,
    "std": 95.11787424033402,
    "min": 15.0,
    "max": 430.0,
    "median": 110.0,
    "q25": 75.0,
    "q75": 180.0
  },
  "episode_length": {
    "mean": 503.41,
    "std": 141.76417706882089,
    "min": 262.0,
    "max": 1021.0,
    "median": 482.0
  },
  "action_distribution": {
    "0": 0.1684114340199837,
    "1": 0.16692159472398244,
    "2": 0.1663455235295286,
    "3": 0.165252974712461,
    "4": 0.16640511710136865,
    "5": 0.16666335591267556
  }
}